"rank1","rank2","rank3","rank4","rank5","rank6","rank7","rank8","rank9","rank10","rank11","rank12","rank13","rank14","rank15","rank16","rank17","rank18","rank19","rank20","rank21","rank22","rank23","rank24","Num Cands","Num Seats"
"24","6","3","2","1","7","4","skipped","skipped","skipped","skipped","skipped","skipped","skipped","skipped","skipped","skipped","skipped","skipped","skipped","skipped","skipped","skipped","skipped","24.0","1.0"
"24","1","skipped","skipped","skipped","skipped","skipped","skipped","skipped","skipped","skipped","skipped","skipped","skipped","skipped","skipped","skipped","skipped","skipped","skipped","skipped","skipped","skipped","skipped","nan","nan"
"12","18","7","11","24","22","2","10","19","8","14","6","17","20","23","4","3","9","13","5","1","21","15","16","nan","nan"
"4","24","3","2","1","skipped","skipped","skipped","skipped","skipped","skipped","skipped","skipped","skipped","skipped","skipped","skipped","skipped","skipped","skipped","skipped","skipped","skipped","skipped","nan","nan"
"15","13","23","4","6","20","2","17","22","9","21","10","24","12","18","1","14","3","8","5","7","19","11","16","nan","nan"
"24","1","2","3","skipped","skipped","skipped","skipped","skipped","skipped","skipped","skipped","skipped","skipped","skipped","skipped","skipped","skipped","skipped","skipped","skipped","skipped","skipped","skipped","nan","nan"
"24","5","4","1","3","2","6","skipped","skipped","skipped","skipped","skipped","skipped","skipped","skipped","skipped","skipped","skipped","skipped","skipped","skipped","skipped","skipped","skipped","nan","nan"
"24","2","3","4","1","5","skipped","skipped","skipped","skipped","skipped","skipped","skipped","skipped","skipped","skipped","skipped","skipped","skipped","skipped","skipped","skipped","skipped","skipped","nan","nan"
"24","15","10","9","3","4","11","12","5","14","13","2","8","6","1","7","16","skipped","skipped","skipped","skipped","skipped","skipped","skipped","nan","nan"
"24","2","1","skipped","skipped","skipped","skipped","skipped","skipped","skipped","skipped","skipped","skipped","skipped","skipped","skipped","skipped","skipped","skipped","skipped","skipped","skipped","skipped","skipped","nan","nan"
"24","7","6","4","5","2","3","1","skipped","skipped","skipped","skipped","skipped","skipped","skipped","skipped","skipped","skipped","skipped","skipped","skipped","skipped","skipped","skipped","nan","nan"
"23","3","24","1","5","2","4","skipped","skipped","skipped","skipped","skipped","skipped","skipped","skipped","skipped","skipped","skipped","skipped","skipped","skipped","skipped","skipped","skipped","nan","nan"
"24","3","1","2","skipped","skipped","skipped","skipped","skipped","skipped","skipped","skipped","skipped","skipped","skipped","skipped","skipped","skipped","skipped","skipped","skipped","skipped","skipped","skipped","nan","nan"
"9","14","24","1","6","4","10","7","3","15","8","2","11","5","skipped","skipped","skipped","skipped","skipped","skipped","skipped","skipped","skipped","skipped","nan","nan"
"24","4","3","5","2","1","skipped","skipped","skipped","skipped","skipped","skipped","skipped","skipped","skipped","skipped","skipped","skipped","skipped","skipped","skipped","skipped","skipped","skipped","nan","nan"
"24","2","1","5","4","3","skipped","skipped","skipped","skipped","skipped","skipped","skipped","skipped","skipped","skipped","skipped","skipped","skipped","skipped","skipped","skipped","skipped","skipped","nan","nan"
"8","24","5","16","7","1","2","9","11","6","4","12","17","3","skipped","skipped","skipped","skipped","skipped","skipped","skipped","skipped","skipped","skipped","nan","nan"
"23","1","8","4","24","6","2","7","5","3","9","skipped","skipped","skipped","skipped","skipped","skipped","skipped","skipped","skipped","skipped","skipped","skipped","skipped","nan","nan"
"10","24","13","2","1","4","6","7","9","5","8","3","11","12","skipped","skipped","skipped","skipped","skipped","skipped","skipped","skipped","skipped","skipped","nan","nan"
"24","1","2","skipped","skipped","skipped","skipped","skipped","skipped","skipped","skipped","skipped","skipped","skipped","skipped","skipped","skipped","skipped","skipped","skipped","skipped","skipped","skipped","skipped","nan","nan"
"24","skipped","skipped","skipped","skipped","skipped","skipped","skipped","skipped","skipped","skipped","skipped","skipped","skipped","skipped","skipped","skipped","skipped","skipped","skipped","skipped","skipped","skipped","skipped","nan","nan"
"24","1","skipped","skipped","skipped","skipped","skipped","skipped","skipped","skipped","skipped","skipped","skipped","skipped","skipped","skipped","skipped","skipped","skipped","skipped","skipped","skipped","skipped","skipped","nan","nan"
"24","2","1","5","3","4","skipped","skipped","skipped","skipped","skipped","skipped","skipped","skipped","skipped","skipped","skipped","skipped","skipped","skipped","skipped","skipped","skipped","skipped","nan","nan"
"24","5","4","2","3","1","skipped","skipped","skipped","skipped","skipped","skipped","skipped","skipped","skipped","skipped","skipped","skipped","skipped","skipped","skipped","skipped","skipped","skipped","nan","nan"
"24","2","3","1","skipped","skipped","skipped","skipped","skipped","skipped","skipped","skipped","skipped","skipped","skipped","skipped","skipped","skipped","skipped","skipped","skipped","skipped","skipped","skipped","nan","nan"
"24","4","6","2","8","7","9","5","3","1","13","12","10","11","skipped","skipped","skipped","skipped","skipped","skipped","skipped","skipped","skipped","skipped","nan","nan"
"24","2","3","4","1","skipped","skipped","skipped","skipped","skipped","skipped","skipped","skipped","skipped","skipped","skipped","skipped","skipped","skipped","skipped","skipped","skipped","skipped","skipped","nan","nan"
"5","3","24","2","1","7","4","6","skipped","skipped","skipped","skipped","skipped","skipped","skipped","skipped","skipped","skipped","skipped","skipped","skipped","skipped","skipped","skipped","nan","nan"
"6","24","3","4","1","2","5","skipped","skipped","skipped","skipped","skipped","skipped","skipped","skipped","skipped","skipped","skipped","skipped","skipped","skipped","skipped","skipped","skipped","nan","nan"
"24","6","5","1","2","8","7","4","3","9","10","skipped","skipped","skipped","skipped","skipped","skipped","skipped","skipped","skipped","skipped","skipped","skipped","skipped","nan","nan"
"24","1","2","skipped","skipped","skipped","skipped","skipped","skipped","skipped","skipped","skipped","skipped","skipped","skipped","skipped","skipped","skipped","skipped","skipped","skipped","skipped","skipped","skipped","nan","nan"
"24","5","2","1","6","3","4","skipped","skipped","skipped","skipped","skipped","skipped","skipped","skipped","skipped","skipped","skipped","skipped","skipped","skipped","skipped","skipped","skipped","nan","nan"
"23","2","24","4","3","1","skipped","skipped","skipped","skipped","skipped","skipped","skipped","skipped","skipped","skipped","skipped","skipped","skipped","skipped","skipped","skipped","skipped","skipped","nan","nan"
"24","3","1","5","4","skipped","skipped","skipped","skipped","skipped","skipped","skipped","skipped","skipped","skipped","skipped","skipped","skipped","skipped","skipped","skipped","skipped","skipped","skipped","nan","nan"
"24","1","3","2","skipped","skipped","skipped","skipped","skipped","skipped","skipped","skipped","skipped","skipped","skipped","skipped","skipped","skipped","skipped","skipped","skipped","skipped","skipped","skipped","nan","nan"
"24","8","12","3","10","2","4","6","1","14","7","13","5","9","11","skipped","skipped","skipped","skipped","skipped","skipped","skipped","skipped","skipped","nan","nan"
"24","1","skipped","skipped","skipped","skipped","skipped","skipped","skipped","skipped","skipped","skipped","skipped","skipped","skipped","skipped","skipped","skipped","skipped","skipped","skipped","skipped","skipped","skipped","nan","nan"
"24","8","4","7","3","2","1","6","5","skipped","skipped","skipped","skipped","skipped","skipped","skipped","skipped","skipped","skipped","skipped","skipped","skipped","skipped","skipped","nan","nan"
"24","4","3","2","1","skipped","skipped","skipped","skipped","skipped","skipped","skipped","skipped","skipped","skipped","skipped","skipped","skipped","skipped","skipped","skipped","skipped","skipped","skipped","nan","nan"
"19","21","12","15","20","10","5","7","17","1","9","13","2","16","11","14","4","23","3","8","18","22","6","24","nan","nan"
"22","13","7","1","19","17","9","20","2","21","12","24","11","3","23","14","6","16","4","8","15","10","5","18","nan","nan"
"24","3","1","2","skipped","skipped","skipped","skipped","skipped","skipped","skipped","skipped","skipped","skipped","skipped","skipped","skipped","skipped","skipped","skipped","skipped","skipped","skipped","skipped","nan","nan"
"24","4","3","2","1","skipped","skipped","skipped","skipped","skipped","skipped","skipped","skipped","skipped","skipped","skipped","skipped","skipped","skipped","skipped","skipped","skipped","skipped","skipped","nan","nan"
"1","skipped","skipped","skipped","skipped","skipped","skipped","skipped","skipped","skipped","skipped","skipped","skipped","skipped","skipped","skipped","skipped","skipped","skipped","skipped","skipped","skipped","skipped","skipped","nan","nan"
"24","6","10","7","4","11","1","5","2","3","skipped","skipped","skipped","skipped","skipped","skipped","skipped","skipped","skipped","skipped","skipped","skipped","skipped","skipped","nan","nan"
"24","8","1","5","4","7","3","2","6","10","9","skipped","skipped","skipped","skipped","skipped","skipped","skipped","skipped","skipped","skipped","skipped","skipped","skipped","nan","nan"
"5","24","4","2","3","1","skipped","skipped","skipped","skipped","skipped","skipped","skipped","skipped","skipped","skipped","skipped","skipped","skipped","skipped","skipped","skipped","skipped","skipped","nan","nan"
"24","5","3","2","1","4","skipped","skipped","skipped","skipped","skipped","skipped","skipped","skipped","skipped","skipped","skipped","skipped","skipped","skipped","skipped","skipped","skipped","skipped","nan","nan"
"17","10","24","2","20","13","23","3","1","9","11","7","18","15","5","21","22","16","19","12","skipped","skipped","skipped","skipped","nan","nan"
"24","2","5","3","7","4","6","1","8","skipped","skipped","skipped","skipped","skipped","skipped","skipped","skipped","skipped","skipped","skipped","skipped","skipped","skipped","skipped","nan","nan"
"24","8","5","1","14","4","9","12","2","11","13","6","10","3","7","skipped","skipped","skipped","skipped","skipped","skipped","skipped","skipped","skipped","nan","nan"
"22","24","3","12","11","7","2","8","13","1","5","20","6","23","10","4","18","14","16","15","19","21","17","9","nan","nan"
"24","6","5","1","3","2","7","4","skipped","skipped","skipped","skipped","skipped","skipped","skipped","skipped","skipped","skipped","skipped","skipped","skipped","skipped","skipped","skipped","nan","nan"
"24","3","1","2","skipped","skipped","skipped","skipped","skipped","skipped","skipped","skipped","skipped","skipped","skipped","skipped","skipped","skipped","skipped","skipped","skipped","skipped","skipped","skipped","nan","nan"
"24","2","skipped","skipped","skipped","skipped","skipped","skipped","skipped","skipped","skipped","skipped","skipped","skipped","skipped","skipped","skipped","skipped","skipped","skipped","skipped","skipped","skipped","skipped","nan","nan"
"24","5","6","3","4","7","2","8","1","skipped","skipped","skipped","skipped","skipped","skipped","skipped","skipped","skipped","skipped","skipped","skipped","skipped","skipped","skipped","nan","nan"
"15","21","8","1","22","18","19","4","12","2","11","16","9","17","13","7","20","23","14","10","3","6","5","24","nan","nan"
"24","4","2","1","5","3","skipped","skipped","skipped","skipped","skipped","skipped","skipped","skipped","skipped","skipped","skipped","skipped","skipped","skipped","skipped","skipped","skipped","skipped","nan","nan"
"24","1","2","4","3","skipped","skipped","skipped","skipped","skipped","skipped","skipped","skipped","skipped","skipped","skipped","skipped","skipped","skipped","skipped","skipped","skipped","skipped","skipped","nan","nan"
"6","24","5","7","3","2","9","1","4","8","skipped","skipped","skipped","skipped","skipped","skipped","skipped","skipped","skipped","skipped","skipped","skipped","skipped","skipped","nan","nan"
"24","4","5","3","7","6","8","1","2","skipped","skipped","skipped","skipped","skipped","skipped","skipped","skipped","skipped","skipped","skipped","skipped","skipped","skipped","skipped","nan","nan"
"24","1","3","2","skipped","skipped","skipped","skipped","skipped","skipped","skipped","skipped","skipped","skipped","skipped","skipped","skipped","skipped","skipped","skipped","skipped","skipped","skipped","skipped","nan","nan"
"22","19","11","5","7","18","4","16","2","3","23","1","24","17","9","14","13","12","6","15","21","20","skipped","skipped","nan","nan"
"24","5","7","3","6","1","2","4","skipped","skipped","skipped","skipped","skipped","skipped","skipped","skipped","skipped","skipped","skipped","skipped","skipped","skipped","skipped","skipped","nan","nan"
"24","1","9","8","skipped","skipped","skipped","skipped","skipped","skipped","skipped","skipped","skipped","skipped","skipped","skipped","skipped","skipped","skipped","skipped","skipped","skipped","skipped","skipped","nan","nan"
"24","9","2","1","6","7","3","4","8","5","skipped","skipped","skipped","skipped","skipped","skipped","skipped","skipped","skipped","skipped","skipped","skipped","skipped","skipped","nan","nan"
"7","24","6","5","3","4","2","1","skipped","skipped","skipped","skipped","skipped","skipped","skipped","skipped","skipped","skipped","skipped","skipped","skipped","skipped","skipped","skipped","nan","nan"
"1","24","3","2","5","4","skipped","skipped","skipped","skipped","skipped","skipped","skipped","skipped","skipped","skipped","skipped","skipped","skipped","skipped","skipped","skipped","skipped","skipped","nan","nan"
"22","7","8","2","5","9","24","4","6","3","23","1","skipped","skipped","skipped","skipped","skipped","skipped","skipped","skipped","skipped","skipped","skipped","skipped","nan","nan"
"17","18","6","24","4","5","3","2","1","skipped","skipped","skipped","skipped","skipped","skipped","skipped","skipped","skipped","skipped","skipped","skipped","skipped","skipped","skipped","nan","nan"
"12","5","8","6","9","10","11","4","1","7","3","2","skipped","skipped","skipped","skipped","skipped","skipped","skipped","skipped","skipped","skipped","skipped","skipped","nan","nan"
"24","3","2","1","skipped","skipped","skipped","skipped","skipped","skipped","skipped","skipped","skipped","skipped","skipped","skipped","skipped","skipped","skipped","skipped","skipped","skipped","skipped","skipped","nan","nan"
"5","3","2","4","1","skipped","skipped","skipped","skipped","skipped","skipped","skipped","skipped","skipped","skipped","skipped","skipped","skipped","skipped","skipped","skipped","skipped","skipped","skipped","nan","nan"
"8","16","12","24","15","19","22","17","9","21","23","10","7","14","5","1","3","20","11","2","4","18","6","13","nan","nan"
"12","7","3","10","1","6","4","5","8","9","11","skipped","skipped","skipped","skipped","skipped","skipped","skipped","skipped","skipped","skipped","skipped","skipped","skipped","nan","nan"
"24","2","1","4","3","10","skipped","skipped","skipped","skipped","skipped","skipped","skipped","skipped","skipped","skipped","skipped","skipped","skipped","skipped","skipped","skipped","skipped","skipped","nan","nan"
"24","10","5","2","4","6","7","3","8","1","9","skipped","skipped","skipped","skipped","skipped","skipped","skipped","skipped","skipped","skipped","skipped","skipped","skipped","nan","nan"
"24","8","1","4","7","9","3","2","5","6","skipped","skipped","skipped","skipped","skipped","skipped","skipped","skipped","skipped","skipped","skipped","skipped","skipped","skipped","nan","nan"
"8","23","19","22","12","6","2","15","5","9","16","20","1","13","14","21","11","7","17","4","24","3","10","18","nan","nan"
"14","11","24","16","12","22","18","15","20","5","21","2","6","10","7","19","8","23","17","1","9","3","13","4","nan","nan"
"24","1","2","skipped","skipped","skipped","skipped","skipped","skipped","skipped","skipped","skipped","skipped","skipped","skipped","skipped","skipped","skipped","skipped","skipped","skipped","skipped","skipped","skipped","nan","nan"
"8","16","6","7","12","13","4","18","24","2","22","5","17","15","10","3","19","20","9","14","21","23","11","1","nan","nan"
"2","24","3","1","4","skipped","skipped","skipped","skipped","skipped","skipped","skipped","skipped","skipped","skipped","skipped","skipped","skipped","skipped","skipped","skipped","skipped","skipped","skipped","nan","nan"
"24","7","4","5","1","3","2","skipped","skipped","skipped","skipped","skipped","skipped","skipped","skipped","skipped","skipped","skipped","skipped","skipped","skipped","skipped","skipped","skipped","nan","nan"
"24","1","skipped","skipped","skipped","skipped","skipped","skipped","skipped","skipped","skipped","skipped","skipped","skipped","skipped","skipped","skipped","skipped","skipped","skipped","skipped","skipped","skipped","skipped","nan","nan"
"24","2","1","skipped","skipped","skipped","skipped","skipped","skipped","skipped","skipped","skipped","skipped","skipped","skipped","skipped","skipped","skipped","skipped","skipped","skipped","skipped","skipped","skipped","nan","nan"
"24","5","3","1","2","4","skipped","skipped","skipped","skipped","skipped","skipped","skipped","skipped","skipped","skipped","skipped","skipped","skipped","skipped","skipped","skipped","skipped","skipped","nan","nan"
"24","4","3","2","1","skipped","skipped","skipped","skipped","skipped","skipped","skipped","skipped","skipped","skipped","skipped","skipped","skipped","skipped","skipped","skipped","skipped","skipped","skipped","nan","nan"
"24","1","skipped","skipped","skipped","skipped","skipped","skipped","skipped","skipped","skipped","skipped","skipped","skipped","skipped","skipped","skipped","skipped","skipped","skipped","skipped","skipped","skipped","skipped","nan","nan"
"24","1","2","skipped","skipped","skipped","skipped","skipped","skipped","skipped","skipped","skipped","skipped","skipped","skipped","skipped","skipped","skipped","skipped","skipped","skipped","skipped","skipped","skipped","nan","nan"
"24","3","13","8","16","1","12","2","skipped","skipped","skipped","skipped","skipped","skipped","skipped","skipped","skipped","skipped","skipped","skipped","skipped","skipped","skipped","skipped","nan","nan"
"24","10","2","1","8","13","11","3","skipped","skipped","skipped","skipped","skipped","skipped","skipped","skipped","skipped","skipped","skipped","skipped","skipped","skipped","skipped","skipped","nan","nan"
"23","8","12","24","11","5","1","6","3","7","22","4","13","20","9","2","14","21","10","skipped","skipped","skipped","skipped","skipped","nan","nan"
"20","13","8","7","22","17","9","16","14","5","10","21","2","23","18","24","11","6","1","4","12","19","3","15","nan","nan"
"24","1","skipped","skipped","skipped","skipped","skipped","skipped","skipped","skipped","skipped","skipped","skipped","skipped","skipped","skipped","skipped","skipped","skipped","skipped","skipped","skipped","skipped","skipped","nan","nan"
"6","4","5","1","3","2","skipped","skipped","skipped","skipped","skipped","skipped","skipped","skipped","skipped","skipped","skipped","skipped","skipped","skipped","skipped","skipped","skipped","skipped","nan","nan"
"24","13","3","8","5","17","2","6","4","11","10","12","7","1","18","21","9","skipped","skipped","skipped","skipped","skipped","skipped","skipped","nan","nan"
"20","24","18","9","1","15","3","8","7","17","5","14","4","13","6","2","11","19","skipped","skipped","skipped","skipped","skipped","skipped","nan","nan"
"14","21","5","2","17","9","8","7","13","10","20","4","11","12","3","19","18","15","6","1","23","22","24","16","nan","nan"
"24","3","6","4","5","7","2","1","skipped","skipped","skipped","skipped","skipped","skipped","skipped","skipped","skipped","skipped","skipped","skipped","skipped","skipped","skipped","skipped","nan","nan"
"24","4","3","1","2","6","5","skipped","skipped","skipped","skipped","skipped","skipped","skipped","skipped","skipped","skipped","skipped","skipped","skipped","skipped","skipped","skipped","skipped","nan","nan"
"24","2","1","skipped","skipped","skipped","skipped","skipped","skipped","skipped","skipped","skipped","skipped","skipped","skipped","skipped","skipped","skipped","skipped","skipped","skipped","skipped","skipped","skipped","nan","nan"
"23","18","13","2","21","7","10","12","14","3","6","16","4","15","8","22","9","19","5","1","24","17","11","20","nan","nan"
"24","6","1","4","3","2","7","skipped","skipped","skipped","skipped","skipped","skipped","skipped","skipped","skipped","skipped","skipped","skipped","skipped","skipped","skipped","skipped","skipped","nan","nan"
"21","18","8","15","6","22","10","20","19","4","23","24","5","3","17","1","16","12","11","7","14","13","9","2","nan","nan"
"24","2","1","3","skipped","skipped","skipped","skipped","skipped","skipped","skipped","skipped","skipped","skipped","skipped","skipped","skipped","skipped","skipped","skipped","skipped","skipped","skipped","skipped","nan","nan"
"12","17","24","16","15","21","3","9","2","14","6","7","11","22","5","10","19","4","1","18","13","8","skipped","skipped","nan","nan"
"8","24","7","2","11","14","6","5","3","12","10","1","15","9","13","4","skipped","skipped","skipped","skipped","skipped","skipped","skipped","skipped","nan","nan"
"20","7","5","3","2","6","1","4","skipped","skipped","skipped","skipped","skipped","skipped","skipped","skipped","skipped","skipped","skipped","skipped","skipped","skipped","skipped","skipped","nan","nan"
"1","24","9","8","3","4","7","5","6","2","skipped","skipped","skipped","skipped","skipped","skipped","skipped","skipped","skipped","skipped","skipped","skipped","skipped","skipped","nan","nan"
"24","skipped","skipped","skipped","skipped","skipped","skipped","skipped","skipped","skipped","skipped","skipped","skipped","skipped","skipped","skipped","skipped","skipped","skipped","skipped","skipped","skipped","skipped","skipped","nan","nan"
"24","3","1","2","skipped","skipped","skipped","skipped","skipped","skipped","skipped","skipped","skipped","skipped","skipped","skipped","skipped","skipped","skipped","skipped","skipped","skipped","skipped","skipped","nan","nan"
"14","22","17","16","23","10","6","7","24","8","21","20","5","15","11","1","4","2","9","18","13","3","19","skipped","nan","nan"
"7","6","3","5","24","4","23","9","2","8","1","skipped","skipped","skipped","skipped","skipped","skipped","skipped","skipped","skipped","skipped","skipped","skipped","skipped","nan","nan"
"15","19","24","13","4","17","6","3","8","23","9","12","1","7","11","10","5","2","skipped","skipped","skipped","skipped","skipped","skipped","nan","nan"
"23","16","10","20","12","17","7","1","4","9","8","24","11","22","5","13","15","6","14","18","19","2","3","21","nan","nan"
"24","2","4","5","3","10","1","skipped","skipped","skipped","skipped","skipped","skipped","skipped","skipped","skipped","skipped","skipped","skipped","skipped","skipped","skipped","skipped","skipped","nan","nan"
"24","1","8","4","6","7","2","3","5","skipped","skipped","skipped","skipped","skipped","skipped","skipped","skipped","skipped","skipped","skipped","skipped","skipped","skipped","skipped","nan","nan"
"24","6","13","3","10","1","12","4","8","7","11","9","5","2","skipped","skipped","skipped","skipped","skipped","skipped","skipped","skipped","skipped","skipped","nan","nan"
"24","1","2","skipped","skipped","skipped","skipped","skipped","skipped","skipped","skipped","skipped","skipped","skipped","skipped","skipped","skipped","skipped","skipped","skipped","skipped","skipped","skipped","skipped","nan","nan"
"24","1","skipped","skipped","skipped","skipped","skipped","skipped","skipped","skipped","skipped","skipped","skipped","skipped","skipped","skipped","skipped","skipped","skipped","skipped","skipped","skipped","skipped","skipped","nan","nan"
"24","2","1","3","skipped","skipped","skipped","skipped","skipped","skipped","skipped","skipped","skipped","skipped","skipped","skipped","skipped","skipped","skipped","skipped","skipped","skipped","skipped","skipped","nan","nan"
"2","24","8","7","6","3","1","5","skipped","skipped","skipped","skipped","skipped","skipped","skipped","skipped","skipped","skipped","skipped","skipped","skipped","skipped","skipped","skipped","nan","nan"
"24","7","4","6","3","5","1","2","skipped","skipped","skipped","skipped","skipped","skipped","skipped","skipped","skipped","skipped","skipped","skipped","skipped","skipped","skipped","skipped","nan","nan"
"23","1","2","skipped","skipped","skipped","skipped","skipped","skipped","skipped","skipped","skipped","skipped","skipped","skipped","skipped","skipped","skipped","skipped","skipped","skipped","skipped","skipped","skipped","nan","nan"
"24","1","2","3","skipped","skipped","skipped","skipped","skipped","skipped","skipped","skipped","skipped","skipped","skipped","skipped","skipped","skipped","skipped","skipped","skipped","skipped","skipped","skipped","nan","nan"
"24","2","3","1","skipped","skipped","skipped","skipped","skipped","skipped","skipped","skipped","skipped","skipped","skipped","skipped","skipped","skipped","skipped","skipped","skipped","skipped","skipped","skipped","nan","nan"
"3","24","4","1","2","skipped","skipped","skipped","skipped","skipped","skipped","skipped","skipped","skipped","skipped","skipped","skipped","skipped","skipped","skipped","skipped","skipped","skipped","skipped","nan","nan"
"6","5","2","1","4","3","skipped","skipped","skipped","skipped","skipped","skipped","skipped","skipped","skipped","skipped","skipped","skipped","skipped","skipped","skipped","skipped","skipped","skipped","nan","nan"
"16","9","15","6","24","13","7","1","10","2","4","14","12","5","8","3","11","skipped","skipped","skipped","skipped","skipped","skipped","skipped","nan","nan"
"4","24","1","2","3","skipped","skipped","skipped","skipped","skipped","skipped","skipped","skipped","skipped","skipped","skipped","skipped","skipped","skipped","skipped","skipped","skipped","skipped","skipped","nan","nan"
"11","17","21","7","19","4","24","23","16","1","15","6","9","18","10","20","13","12","5","3","8","22","14","skipped","nan","nan"
"24","4","2","1","3","skipped","skipped","skipped","skipped","skipped","skipped","skipped","skipped","skipped","skipped","skipped","skipped","skipped","skipped","skipped","skipped","skipped","skipped","skipped","nan","nan"
"24","1","3","2","9","4","6","5","7","skipped","skipped","skipped","skipped","skipped","skipped","skipped","skipped","skipped","skipped","skipped","skipped","skipped","skipped","skipped","nan","nan"
"21","2","6","22","20","14","12","10","17","3","16","15","7","23","13","1","8","24","9","5","19","4","11","18","nan","nan"
"24","1","skipped","skipped","skipped","skipped","skipped","skipped","skipped","skipped","skipped","skipped","skipped","skipped","skipped","skipped","skipped","skipped","skipped","skipped","skipped","skipped","skipped","skipped","nan","nan"
"24","5","4","3","1","2","skipped","skipped","skipped","skipped","skipped","skipped","skipped","skipped","skipped","skipped","skipped","skipped","skipped","skipped","skipped","skipped","skipped","skipped","nan","nan"
"14","3","6","7","2","1","4","5","skipped","skipped","skipped","skipped","skipped","skipped","skipped","skipped","skipped","skipped","skipped","skipped","skipped","skipped","skipped","skipped","nan","nan"
"24","1","skipped","skipped","skipped","skipped","skipped","skipped","skipped","skipped","skipped","skipped","skipped","skipped","skipped","skipped","skipped","skipped","skipped","skipped","skipped","skipped","skipped","skipped","nan","nan"
"24","3","4","5","1","2","skipped","skipped","skipped","skipped","skipped","skipped","skipped","skipped","skipped","skipped","skipped","skipped","skipped","skipped","skipped","skipped","skipped","skipped","nan","nan"
"24","1","5","4","3","skipped","skipped","skipped","skipped","skipped","skipped","skipped","skipped","skipped","skipped","skipped","skipped","skipped","skipped","skipped","skipped","skipped","skipped","skipped","nan","nan"
"24","4","8","2","7","3","6","1","5","skipped","skipped","skipped","skipped","skipped","skipped","skipped","skipped","skipped","skipped","skipped","skipped","skipped","skipped","skipped","nan","nan"
"24","1","3","2","skipped","skipped","skipped","skipped","skipped","skipped","skipped","skipped","skipped","skipped","skipped","skipped","skipped","skipped","skipped","skipped","skipped","skipped","skipped","skipped","nan","nan"
"24","2","3","1","skipped","skipped","skipped","skipped","skipped","skipped","skipped","skipped","skipped","skipped","skipped","skipped","skipped","skipped","skipped","skipped","skipped","skipped","skipped","skipped","nan","nan"
"16","14","19","21","2","17","7","4","9","3","11","5","6","23","24","13","18","22","10","12","8","20","15","1","nan","nan"
"16","15","10","13","14","3","8","9","5","7","1","11","2","4","12","6","skipped","skipped","skipped","skipped","skipped","skipped","skipped","skipped","nan","nan"
"3","24","4","2","1","7","skipped","skipped","skipped","skipped","skipped","skipped","skipped","skipped","skipped","skipped","skipped","skipped","skipped","skipped","skipped","skipped","skipped","skipped","nan","nan"
"24","11","19","18","10","5","2","13","4","12","1","6","9","8","3","7","skipped","skipped","skipped","skipped","skipped","skipped","skipped","skipped","nan","nan"
"13","23","3","8","5","7","18","20","17","9","6","15","4","21","14","2","1","24","19","10","12","16","22","11","nan","nan"
"15","24","22","8","3","23","18","16","2","5","14","12","4","21","20","6","13","11","9","7","10","1","17","19","nan","nan"
"24","5","4","1","2","3","skipped","skipped","skipped","skipped","skipped","skipped","skipped","skipped","skipped","skipped","skipped","skipped","skipped","skipped","skipped","skipped","skipped","skipped","nan","nan"
"19","21","6","10","7","18","12","5","3","9","22","17","4","23","20","2","13","24","8","16","11","15","14","1","nan","nan"
"8","20","24","14","2","21","6","7","15","19","13","12","5","10","23","1","3","16","11","22","17","9","18","skipped","nan","nan"
"23","24","6","1","4","3","2","5","skipped","skipped","skipped","skipped","skipped","skipped","skipped","skipped","skipped","skipped","skipped","skipped","skipped","skipped","skipped","skipped","nan","nan"
"24","2","1","3","skipped","skipped","skipped","skipped","skipped","skipped","skipped","skipped","skipped","skipped","skipped","skipped","skipped","skipped","skipped","skipped","skipped","skipped","skipped","skipped","nan","nan"
"24","5","1","4","6","2","3","skipped","skipped","skipped","skipped","skipped","skipped","skipped","skipped","skipped","skipped","skipped","skipped","skipped","skipped","skipped","skipped","skipped","nan","nan"
"24","6","5","3","9","8","4","1","2","7","skipped","skipped","skipped","skipped","skipped","skipped","skipped","skipped","skipped","skipped","skipped","skipped","skipped","skipped","nan","nan"
"24","2","1","4","6","5","3","skipped","skipped","skipped","skipped","skipped","skipped","skipped","skipped","skipped","skipped","skipped","skipped","skipped","skipped","skipped","skipped","skipped","nan","nan"
"18","22","2","5","9","20","7","17","14","23","21","24","11","19","16","4","13","8","15","12","6","3","1","10","nan","nan"
"24","1","skipped","skipped","skipped","skipped","skipped","skipped","skipped","skipped","skipped","skipped","skipped","skipped","skipped","skipped","skipped","skipped","skipped","skipped","skipped","skipped","skipped","skipped","nan","nan"
"7","21","14","6","20","22","8","23","11","2","19","24","3","10","9","4","18","17","13","5","12","1","15","16","nan","nan"
"14","7","11","10","12","5","1","13","3","9","6","4","8","2","skipped","skipped","skipped","skipped","skipped","skipped","skipped","skipped","skipped","skipped","nan","nan"
"24","2","1","skipped","skipped","skipped","skipped","skipped","skipped","skipped","skipped","skipped","skipped","skipped","skipped","skipped","skipped","skipped","skipped","skipped","skipped","skipped","skipped","skipped","nan","nan"
"24","10","3","9","5","2","4","8","6","7","1","skipped","skipped","skipped","skipped","skipped","skipped","skipped","skipped","skipped","skipped","skipped","skipped","skipped","nan","nan"
"5","24","7","4","2","6","1","3","skipped","skipped","skipped","skipped","skipped","skipped","skipped","skipped","skipped","skipped","skipped","skipped","skipped","skipped","skipped","skipped","nan","nan"
"6","3","5","2","1","4","skipped","skipped","skipped","skipped","skipped","skipped","skipped","skipped","skipped","skipped","skipped","skipped","skipped","skipped","skipped","skipped","skipped","skipped","nan","nan"
"24","4","6","2","1","5","3","skipped","skipped","skipped","skipped","skipped","skipped","skipped","skipped","skipped","skipped","skipped","skipped","skipped","skipped","skipped","skipped","skipped","nan","nan"
"12","15","22","6","7","17","21","4","23","2","3","19","24","14","18","11","5","9","20","1","10","16","8","13","nan","nan"
